Ground,country
Melbourne,Australia
,
Kennington,England
,
Sydney,Australia
,
Manchester,England
,
St. John's Wood,England
,
Adelaide,Australia
,
Port Elizabeth,South Africa
,
Cape Town,South Africa
,
Johannesburg,South Africa
,
Nottingham,England
,
Leeds,England
,
Birmingham,England
,
Sheffield,England
,
Durban,South Africa
,
Durban,South Africa
,
Brisbane,Australia
,
Christchurch,New Zealand
,
Bridgetown,West Indies
,
Wellington,New Zealand
,
Port of Spain,West Indies
,
Auckland,New Zealand
,
Georgetown,West Indies
,
Kingston,West Indies
,
Brisbane,Australia
,
Mumbai,India
,
Kolkata,India
,
Chennai,India
,
Delhi,India
,
Mumbai,India
,
Johannesburg,South Africa
,
Kanpur,India
,
Lucknow,India
Dhaka,Bangladesh
,
Bahawalpur,Pakistan
Lahore,Pakistan
,
Peshawar,Pakistan
,
Karachi,Pakistan
,
Dunedin,New Zealand
,
Hyderabad,India
,
Chennai,India
Johannesburg,South Africa
Canberra,Australia
Lahore,Pakistan
Hambantota,Sri Lanka
Rawalpindi,Pakistan
Nagpur,India
Dharamsala,India
Perth,Australia
Pune,India
Hyderabad,Pakistan
Bengaluru,India
Visakhapatnam,India
Mumbai,India
Guwahati,India
Faisalabad,Pakistan
Ranchi,India
Napier,New Zealand
Kochi,India
Multan,Pakistan
St. John's,West Indies
Dambulla,Sri Lanka
Colombo (RPS),Sri Lanka
The Oval,England
Kandy,Sri Lanka
Rajkot,India
Jalandhar,India
Southampton,England
Ahmedabad,India
Vadodara,India
Colombo,Sri Lanka
Mount Maunganui,New Zealand
Colombo,Sri Lanka
Hyderabad (Deccan),India
Sialkot,Pakistan
Lord's,England
Cuttack,India
Thiruvananthapuram,India
Jaipur,India
Indore,India
Hobart,Australia
Pallekele,Sri Lanka
Chandigarh,India
Hamilton,New Zealand
Mumbai (BS),India
Gujranwala,Pakistan
Colombo,Sri Lanka
Gwalior,India
Moratuwa,Sri Lanka
,
Harare,Zimbabwe
,
Bulawayo,Zimbabwe
Karachi,Pakistan
,
Rawalpindi,Pakistan
,
Lucknow,India
,
Bulawayo,Zimbabwe
,
Mohali,India
,
Peshawar,Pakistan
,
Centurion,South Africa
,
Sheikhupura,Pakistan
Kingstown,West Indies
,
Galle,Sri Lanka
,
Bloemfontein,South Africa
,
Multan,Pakistan
,
Chittagong,Bangladesh
,
Sharjah,United Arab Emirates
,
St. George's,West Indies
,
East London,South Africa
,
Potchefstroom,South Africa
,
Chester-le-Street,England
,
Gros Islet,West Indies
,
Darwin,Australia
,
Cairns,Australia
,
Chittagong,Bangladesh
,
Bogra,Bangladesh
Fatullah,Bangladesh
,
Basseterre,West Indies
,
Mirpur,Bangladesh
,
Dunedin,New Zealand
,
Providence,West Indies
,
North Sound,West Indies
Nagpur,India
Belfast,Ireland
Dubai (DSC),United Arab Emirates
Cardiff,England
